Output_SBP,Output_DBP
129.31506,69.24609
129.31506,69.24609
129.31506,69.24609
129.31506,69.24609
129.31506,69.24609
129.31506,69.24609
129.31506,69.24609
129.31506,69.24609
129.31506,69.24609
129.31506,69.24609
129.31506,69.24609
129.31506,69.24609
129.31506,69.24609
129.31506,69.24609
129.31506,69.24609
129.31506,69.24609
129.31506,69.24609
129.31506,69.24609
129.31506,69.24609
129.31506,69.24609
129.31506,69.24609
129.31506,69.24609
129.31506,69.24609
129.31506,69.24609
129.31506,69.24609
129.31506,69.24609
129.31506,69.24609
129.31506,69.24609
129.31506,69.24609
129.31506,69.24609
129.31506,69.24609
129.31506,69.24609
